"Qty";"Value";"Device";"Package";"Parts";"Description";"";
"1";"";"CONN_04JST-PTH";"JST-4-PTH";"J1";"Multi connection point. Often used as Generic Header-pin footprint for 0.1 inch spaced/style header connections";"";
"9";"0.1uF";"C-USC0402";"C0402";"C1, C2, C3, C4, C5, C6, C7, C8, C9";"CAPACITOR, American symbol";"";
"12";"100k";"R-US_R0402";"R0402";"R1, R4, R6, R9, R11, R14, R16, R19, R21, R24, R26, R29";"RESISTOR, American symbol";"";
"12";"10k";"R-US_R0402";"R0402";"R2, R3, R7, R8, R12, R13, R17, R18, R22, R23, R27, R28";"RESISTOR, American symbol";"";
"6";"1M";"R-US_R0402";"R0402";"R5, R10, R15, R20, R25, R30";"RESISTOR, American symbol";"";
"1";"FEATHERWING";"FEATHERWING";"FEATHERWING";"MS1";"";"";
"3";"QUAD_OPAMPD";"QUAD_OPAMPD";"SO14";"IC1, IC2, IC3";"OP AMP";"";
