"Qty";"Value";"Device";"Package";"Parts";"Description";"";
"9";"0.1uF";"C-USC0402";"C0402";"C1, C2, C3, C4, C5, C6, C7, C8, C9";"CAPACITOR, American symbol";"";
"9";"10k";"R-US_R0402";"R0402";"R2, R5, R6, R8, R11, R12, R14, R17, R18";"RESISTOR, American symbol";"";
"6";"1M";"R-US_R0402";"R0402";"R1, R4, R7, R10, R13, R16";"RESISTOR, American symbol";"";
"3";"20k";"R-US_R0402";"R0402";"R3, R9, R15";"RESISTOR, American symbol";"";
"1";"B4B-XH-2";"B4B-XH-2";"B4B-XH-A";"X1";"JST XH series header 2.50mm pitch disconnectable crimp style connectors, vertical (side entry type), 4 pins";"";
"1";"FEATHERWING";"FEATHERWING";"FEATHERWING";"MS1";"";"";
"3";"LM358D";"LM358D";"SO08";"IC1, IC2, IC3";"OP AMP also LM158; LM258; LM2904";"";
