"Qty";"Value";"Device";"Package";"Parts";"Description";"";
"3";"0.1uF";"C-USC0603";"C0603";"C1, C2, C3";"CAPACITOR, American symbol";"";
"6";"100k";"R-US_R0603";"R0603";"R1, R4, R5, R8, R9, R12";"RESISTOR, American symbol";"";
"7";"10k";"R-US_R0603";"R0603";"R2, R3, R6, R7, R10, R11, R13";"RESISTOR, American symbol";"";
"1";"FEATHERWING";"FEATHERWING";"FEATHERWING";"MS1";"";"";
"1";"JST-XH-04-PIN-LONG-PAD";"JST-XH-04-PIN-LONG-PAD";"JST-XH-04-PACKAGE-LONG-PAD";"X1";"JST XH Connector 2 Pin";"";
"3";"QUAD_OPAMPD";"QUAD_OPAMPD";"SO14";"IC1, IC2, IC3";"OP AMP";"";
