"Qty";"Value";"Device";"Package";"Parts";"Description";"";
"9";"0.1uF";"C-USC0402";"C0402";"C1, C2, C3, C4, C5, C6, C7, C8, C9";"CAPACITOR, American symbol";"";
"1";"10k";"R-US_R0402";"R0402";"R4";"RESISTOR, American symbol";"";
"3";"49.9k";"R-US_R0402";"R0402";"R1, R2, R3";"RESISTOR, American symbol";"";
"1";"52745-0690";"52745-0690";"52745-0690";"X1";"FFC/FPC-to-Board  0.50mm (.020") SMT Top Contact";"";
"1";"FEATHERWING";"FEATHERWING";"FEATHERWING";"MS1";"";"";
"3";"INA826AIDR";"INA826AIDR";"SOIC127P599X175-8N";"U2, U3, U4";"Precision, 200-?A Supply Current, 36-V Supply Instrumentation Amplifier 8-SOIC -40 to 125  Check availability";"";
"1";"REF2033AIDDCT";"REF2033AIDDCT";"SOT95P280X110-5N";"U1";"3.3-V Vref, low-drift, low-power, dual-output Vref & Vref/2 voltage reference 5-SOT-23-THIN -40 to 125  Check availability";"";
