"Qty";"Value";"Device";"Package";"Parts";"Description";"";
"6";"0.1uF";"C-USC0603";"C0603";"C1, C2, C3, C4, C5, C6";"CAPACITOR, American symbol";"";
"6";"100k";"R-US_R0603";"R0603";"R1, R4, R7, R10, R12, R15";"RESISTOR, American symbol";"";
"6";"10k";"R-US_R0603";"R0603";"R2, R3, R8, R9, R13, R14";"RESISTOR, American symbol";"";
"3";"1M";"R-US_R0603";"R0603";"R5, R6, R11";"RESISTOR, American symbol";"";
"1";"FEATHERWING";"FEATHERWING";"FEATHERWING";"MS1";"";"";
"3";"QUAD_OPAMPD";"QUAD_OPAMPD";"SO14";"IC1, IC2, IC3";"OP AMP";"";
"1";"SFV4R-1STE1LF";"SFV4R-1STE1LF";"SFV4R-1STE1LF";"X1";"FPC Connector ZIF for SMT 0.5mm";"";
